CUE #/NAME (symbol),TAKE # (Int),A VID # (int),A POS % (float),A SPEED (float),A ZOOM (float),A FLIP (int),A DB (float),A PRESERVE PITCH (int),B VID # (int),B POS % (float),B SPEED (float),B ZOOM (float),B FLIP (int),B DB (float),B PRESERVE PITCH (int),C VID # (int),C POS % (float),C SPEED (float),C ZOOM (float),C FLIP (int),C DB (float),C PRESERVE PITCH (int),D VID # (int),D POS % (float),D SPEED (float),D ZOOM (float),D FLIP (int),D DB (float),D PRESERVE PITCH (int),E VID # (int),E POS % (float),E SPEED (float),E ZOOM (float),E FLIP (int),E DB (float),E PRESERVE PITCH (int),SCRIPT POS (symbol),REH CAM POS (symbol),DATE (symbol),LIZ LIKED? (symbol),COMMENTS (symbol),AUDIO MATRIX STATE (list),GLOBAL RW/FF SPEED (float)
*301*,0,2,26.959999084472656,1 0,100,n,0,n,8,72.80000305175781,1 0,0,n,-9.692307472229004,n,6,95.16999816894531,1 0,100,n,n,n,n,n,n,n,n,n,n,n,n,n,n,n,n,n,3 bus pre-set,s,s,s,s,0 0 0 1 0 1 2 0 0 3 0 0 4 0 0 0 1 0 1 1 1 2 1 0 3 1 0 4 1 0 0 2 0 1 2 0 2 2 0 3 2 0 4 2 0 0 3 0 1 3 0 2 3 0 3 3 0 4 3 0 0 4 0 1 4 0 2 4 0 3 4 0 4 4 0 0 5 0 1 5 0 2 5 0 3 5 0 4 5 0 ,n
5,1,n,n,n,n,n,n,n,24,2.309999942779541,1,100,1,-20.695693969726562,n,n,n,n,n,n,n,n,n,n,n,n,n,n,n,n,n,n,n,n,n,n,ACCIDENT 4/13, , , , ,0 0 0 1 0 1 2 0 0 3 0 0 4 0 0 0 1 0 1 1 1 2 1 0 3 1 0 4 1 0 0 2 0 1 2 0 2 2 0 3 2 0 4 2 0 0 3 0 1 3 0 2 3 0 3 3 0 4 3 0 0 4 0 1 4 0 2 4 0 3 4 0 4 4 0 0 5 0 1 5 0 2 5 0 3 5 0 4 5 0 ,n
25,1,2,78.68000030517578,1,100,1,0,n,n,n,n,n,n,n,n,n,n,n,n,n,n,n,n,n,n,n,n,n,n,n,n,n,n,n,n,n,culture for which he stands, , , , ,0 0 1 1 0 0 2 0 0 3 0 0 4 0 0 0 1 1 1 1 0 2 1 0 3 1 0 4 1 0 0 2 0 1 2 0 2 2 0 3 2 0 4 2 0 0 3 0 1 3 0 2 3 0 3 3 0 4 3 0 0 4 0 1 4 0 2 4 0 3 4 0 4 4 0 0 5 0 1 5 0 2 5 0 3 5 0 4 5 0 ,n
50,1,n,n,n,n,n,n,n,1,90.68000030517578,1,100,1,-0.9094350934028625,n,n,n,n,n,n,n,n,n,n,n,n,n,n,n,n,n,n,n,n,n,n,Switches Ear 1 and Ear 2 to B (Maidstone), , , , ,0 0 0 1 0 1 2 0 0 3 0 0 4 0 0 0 1 0 1 1 1 2 1 0 3 1 0 4 1 0 0 2 0 1 2 0 2 2 0 3 2 0 4 2 0 0 3 0 1 3 0 2 3 0 3 3 0 4 3 0 0 4 0 1 4 0 2 4 0 3 4 0 4 4 0 0 5 0 1 5 0 2 5 0 3 5 0 4 5 0 ,n
35,1,3,25.5,1,100,1,0,n,n,n,n,n,n,n,n,n,n,n,n,n,n,n,n,n,n,n,n,n,n,n,n,n,n,n,n,n,What do you say to the naked lady, , , , ,0 0 1 1 0 0 2 0 0 3 0 0 4 0 0 0 1 1 1 1 0 2 1 0 3 1 0 4 1 0 0 2 0 1 2 0 2 2 0 3 2 0 4 2 0 0 3 1 1 3 0 2 3 0 3 3 0 4 3 0 0 4 0 1 4 0 2 4 0 3 4 0 4 4 0 0 5 0 1 5 0 2 5 0 3 5 0 4 5 0 ,n
*101*,1,3,41.220001220703125,1 0,100,1,0,0,n,n,n,n,n,n,n,n,n,n,n,n,n,n,n,n,n,n,n,n,n,n,n,n,n,n,n,n,1 Bus pre-set,s,s,s,s,0 0 1 1 0 0 2 0 0 3 0 0 4 0 0 0 1 1 1 1 0 2 1 0 3 1 0 4 1 0 0 2 0 1 2 0 2 2 0 3 2 0 4 2 0 0 3 1 1 3 0 2 3 0 3 3 0 4 3 0 0 4 0 1 4 0 2 4 0 3 4 0 4 4 0 0 5 0 1 5 0 2 5 0 3 5 0 4 5 0 ,n
A bus,1,3,4,1,100,1,0,n,n,n,n,n,n,n,n,n,n,n,n,n,n,n,n,n,n,n,n,n,n,n,n,n,n,n,n,n, , , , , ,0 0 1 1 0 0 2 0 0 3 0 0 4 0 0 0 1 1 1 1 0 2 1 0 3 1 0 4 1 0 0 2 0 1 2 0 2 2 0 3 2 0 4 2 0 0 3 1 1 3 0 2 3 0 3 3 0 4 3 0 0 4 0 1 4 0 2 4 0 3 4 0 4 4 0 0 5 0 1 5 0 2 5 0 3 5 0 4 5 0 ,n
65,1,n,n,n,n,n,n,n,n,n,n,n,n,n,n,n,n,n,n,n,n,n,4,42.8400001526,1,n,n,0,n,n,n,n,n,n,n,n, , , , , ,0 0 1 1 0 0 2 0 0 3 0 0 4 0 0 0 1 0 1 1 0 2 1 0 3 1 1 4 1 0 0 2 0 1 2 0 2 2 0 3 2 0 4 2 0 0 3 0 1 3 0 2 3 0 3 3 0 4 3 0 0 4 0 1 4 0 2 4 0 3 4 0 4 4 0 0 5 0 1 5 0 2 5 0 3 5 0 4 5 0 ,n
70,1,5,74.70999908447266,1,100,1,0,n,n,n,n,n,n,n,n,n,n,n,n,n,n,n,n,n,n,n,n,n,n,n,n,n,n,n,n,n, , , , , ,0 0 1 1 0 0 2 0 0 3 0 0 4 0 0 0 1 1 1 1 0 2 1 0 3 1 0 4 1 0 0 2 0 1 2 0 2 2 0 3 2 0 4 2 0 0 3 0 1 3 0 2 3 0 3 3 0 4 3 0 0 4 0 1 4 0 2 4 0 3 4 0 4 4 0 0 5 0 1 5 0 2 5 0 3 5 0 4 5 0 ,n
40,1,n,n,0 5,n,n,n,n,0,n,n,n,n,n,n,n,n,n,n,n,n,n,n,n,n,n,n,n,n,n,n,n,n,n,n,n, ,s,s,s,s,0 0 1 1 0 0 2 0 0 3 0 0 4 0 0 0 1 1 1 1 0 2 1 0 3 1 0 4 1 0 0 2 0 1 2 0 2 2 0 3 2 0 4 2 0 0 3 1 1 3 0 2 3 0 3 3 0 4 3 0 0 4 0 1 4 0 2 4 0 3 4 0 4 4 0 0 5 0 1 5 0 2 5 0 3 5 0 4 5 0 ,n
30,1,3,3.8399999141693115,1,100,1,0,n,n,n,n,n,n,n,n,n,n,n,n,n,n,n,n,n,n,n,n,n,n,n,n,n,n,n,n,n,and ultimately such a fool, , , , ,0 0 1 1 0 0 2 0 0 3 0 0 4 0 0 0 1 1 1 1 0 2 1 0 3 1 0 4 1 0 0 2 0 1 2 0 2 2 0 3 2 0 4 2 0 0 3 1 1 3 0 2 3 0 3 3 0 4 3 0 0 4 0 1 4 0 2 4 0 3 4 0 4 4 0 0 5 0 1 5 0 2 5 0 3 5 0 4 5 0 ,n
45,1,3,50.349998474121094,1 0,100,1,0,0,n,n,n,n,n,n,n,n,n,n,n,n,n,n,n,n,n,n,n,n,n,n,n,n,n,n,n,n, ,s,s,s,s,0 0 1 1 0 0 2 0 0 3 0 0 4 0 0 0 1 1 1 1 0 2 1 0 3 1 0 4 1 0 0 2 0 1 2 0 2 2 0 3 2 0 4 2 0 0 3 1 1 3 0 2 3 0 3 3 0 4 3 0 0 4 0 1 4 0 2 4 0 3 4 0 4 4 0 0 5 0 1 5 0 2 5 0 3 5 0 4 5 0 ,n
75,1,n,n,n,n,n,n,n,n,n,n,n,n,n,n,n,n,n,n,n,n,n,4,50.3100013733,1,0,n,0,n,n,n,n,n,n,n,n,Q: culture for which he stands GO, , , , ,0 0 1 1 0 0 2 0 0 3 0 0 4 0 0 0 1 0 1 1 0 2 1 0 3 1 1 4 1 0 0 2 0 1 2 0 2 2 0 3 2 0 4 2 0 0 3 0 1 3 0 2 3 0 3 3 0 4 3 0 0 4 0 1 4 0 2 4 0 3 4 0 4 4 0 0 5 0 1 5 0 2 5 0 3 5 0 4 5 0 ,n
55,1,n,n,n,n,n,n,n,n,n,n,n,n,n,n,n,n,n,n,n,n,n,5,30.3799991608,1,0,0,0,n,n,n,n,n,n,n,n,Jill: ..england is still the land of ancestral status and prestige, , , , ,0 0 1 1 0 0 2 0 0 3 0 0 4 0 0 0 1 0 1 1 0 2 1 0 3 1 1 4 1 0 0 2 0 1 2 0 2 2 0 3 2 0 4 2 0 0 3 0 1 3 0 2 3 0 3 3 0 4 3 0 0 4 0 1 4 0 2 4 0 3 4 0 4 4 0 0 5 0 1 5 0 2 5 0 3 5 0 4 5 0 ,n
60,1,n,n,n,n,n,n,n,n,n,n,n,n,n,n,n,n,n,n,n,n,n,4,65.7799987793,1,0,n,0,n,n,n,n,n,n,n,n, , , , , ,0 0 1 1 0 0 2 0 0 3 0 0 4 0 0 0 1 0 1 1 0 2 1 0 3 1 1 4 1 0 0 2 0 1 2 0 2 2 0 3 2 0 4 2 0 0 3 0 1 3 0 2 3 0 3 3 0 4 3 0 0 4 0 1 4 0 2 4 0 3 4 0 4 4 0 0 5 0 1 5 0 2 5 0 3 5 0 4 5 0 ,n
62,1,n,n,n,n,n,n,n,n,n,n,n,n,n,n,n,n,n,n,n,n,n,5,33.2200012207,1,0,n,0,n,n,n,n,n,n,n,n, , , , , ,0 0 1 1 0 0 2 0 0 3 0 0 4 0 0 0 1 0 1 1 0 2 1 0 3 1 1 4 1 0 0 2 0 1 2 0 2 2 0 3 2 0 4 2 0 0 3 0 1 3 0 2 3 0 3 3 0 4 3 0 0 4 0 1 4 0 2 4 0 3 4 0 4 4 0 0 5 0 1 5 0 2 5 0 3 5 0 4 5 0 ,n
80,1,5,81.94000244140625,1,100,1,0,n,n,n,n,n,n,n,n,n,n,n,n,n,n,n,n,n,n,n,n,n,n,n,n,n,n,n,n,n, , , , , ,0 0 1 1 0 0 2 0 0 3 0 0 4 0 0 0 1 1 1 1 0 2 1 0 3 1 0 4 1 0 0 2 0 1 2 0 2 2 0 3 2 0 4 2 0 0 3 0 1 3 0 2 3 0 3 3 0 4 3 0 0 4 0 1 4 0 2 4 0 3 4 0 4 4 0 0 5 0 1 5 0 2 5 0 3 5 0 4 5 0 ,n
47,1,n,n,n,n,n,n,n,1,87.43000030517578,1 0,100,1,0,n,n,n,n,n,n,n,n,n,n,n,n,n,n,n,n,n,n,n,n,n,n,BRINGS MAIDSTONE IN B,s,s,s,s,0 0 1 1 0 0 2 0 0 3 0 0 4 0 0 0 1 0 1 1 1 2 1 0 3 1 0 4 1 0 0 2 0 1 2 0 2 2 0 3 2 0 4 2 0 0 3 1 1 3 0 2 3 0 3 3 0 4 3 0 0 4 0 1 4 0 2 4 0 3 4 0 4 4 0 0 5 0 1 5 0 2 5 0 3 5 0 4 5 0 ,n
85,1,4,51.060001373291016,1 0,100,1,0,n,0,0,0 0,0,0,0,n,n,n,n,n,n,n,n,n,n,n,n,n,n,n,n,n,n,n,n,n,n,RUTH MANDEL,s,s,s,s,0 0 1 1 0 0 2 0 0 3 0 0 4 0 0 0 1 1 1 1 0 2 1 0 3 1 0 4 1 0 0 2 0 1 2 0 2 2 0 3 2 0 4 2 0 0 3 0 1 3 0 2 3 0 3 3 0 4 3 0 0 4 0 1 4 0 2 4 0 3 4 0 4 4 0 0 5 0 1 5 0 2 5 0 3 5 0 4 5 0 ,n
52,1,5,72.27999877929688,1,100,1,0,n,n,n,n,n,n,n,n,n,n,n,n,n,n,n,n,n,n,n,n,n,n,n,n,n,n,n,n,n, , , , , ,0 0 1 1 0 0 2 0 0 3 0 0 4 0 0 0 1 1 1 1 0 2 1 0 3 1 0 4 1 0 0 2 0 1 2 0 2 2 0 3 2 0 4 2 0 0 3 0 1 3 0 2 3 0 3 3 0 4 3 0 0 4 0 1 4 0 2 4 0 3 4 0 4 4 0 0 5 0 1 5 0 2 5 0 3 5 0 4 5 0 ,n
51,1,3,88.80000305175781,1,100,1,0,n,n,n,n,n,n,n,n,n,n,n,n,n,n,n,n,n,n,n,n,n,n,n,n,n,n,n,n,n,Alright so I just would like to say that the emphasis in this, , , , ,0 0 1 1 0 0 2 0 0 3 0 0 4 0 0 0 1 0 1 1 1 2 1 0 3 1 0 4 1 0 0 2 0 1 2 0 2 2 0 3 2 0 4 2 0 0 3 0 1 3 0 2 3 0 3 3 0 4 3 0 0 4 0 1 4 0 2 4 0 3 4 0 4 4 0 0 5 0 1 5 0 2 5 0 3 5 0 4 5 0 ,n
51.5,1,6,5,1,100,1,0,n,n,n,n,n,n,n,n,n,n,n,n,n,n,n,4,81.5,1,0,0,0,n,n,n,n,n,n,n,n, , , , , ,0 0 1 1 0 0 2 0 0 3 0 0 4 0 0 0 1 0 1 1 0 2 1 0 3 1 1 4 1 0 0 2 0 1 2 0 2 2 0 3 2 0 4 2 0 0 3 0 1 3 0 2 3 0 3 3 0 4 3 0 0 4 0 1 4 0 2 4 0 3 4 0 4 4 0 0 5 0 1 5 0 2 5 0 3 5 0 4 5 0 ,n
50.5,1,n,n,n,n,n,n,n,n,n,n,n,n,n,n,n,n,n,n,n,n,n,4,80.1800003052,1,0,0,0,n,n,n,n,n,n,n,n,So the question I would ask Jill Johnston is 0 What is she going to do about all us 90 percenters?, , , , ,0 0 1 1 0 0 2 0 0 3 0 0 4 0 0 0 1 0 1 1 0 2 1 0 3 1 1 4 1 0 0 2 0 1 2 0 2 2 0 3 2 0 4 2 0 0 3 0 1 3 0 2 3 0 3 3 0 4 3 0 0 4 0 1 4 0 2 4 0 3 4 0 4 4 0 0 5 0 1 5 0 2 5 0 3 5 0 4 5 0 ,n
17,1,2,52.68000030517578,1 0,100,1,0,n,0,n,n,n,n,n,n,0,n,n,n,n,n,n,n,n,n,n,n,n,n,n,n,n,n,n,n,n, ,s,s,s,s,0 0 1 1 0 0 2 0 0 3 0 0 4 0 0 0 1 1 1 1 0 2 1 0 3 1 0 4 1 0 0 2 0 1 2 0 2 2 0 3 2 0 4 2 0 0 3 1 1 3 0 2 3 0 3 3 0 4 3 0 0 4 0 1 4 0 2 4 0 3 4 0 4 4 0 0 5 0 1 5 0 2 5 0 3 5 0 4 5 0 ,n
32,1,5,25.3400001526,1,100,1,0,n,9,14.1400003433,1,100,1,0,n,n,n,n,n,n,n,n,n,n,n,n,n,n,n,n,n,n,n,n,n,n,The element in women's liberation 0 both liberal as personified by NOW // Brings Tokyo tape IN A BUS, , , , ,0 0 1 1 0 0 2 0 0 3 0 0 4 0 0 0 1 1 1 1 0 2 1 0 3 1 0 4 1 0 0 2 0 1 2 0 2 2 0 3 2 0 4 2 0 0 3 0 1 3 1 2 3 0 3 3 0 4 3 0 0 4 0 1 4 0 2 4 0 3 4 0 4 4 0 0 5 0 1 5 0 2 5 0 3 5 0 4 5 0 ,n
8,1,5,1.809999942779541,1,100,1,0,n,n,n,n,n,n,n,n,n,n,n,n,n,n,n,n,n,n,n,n,n,n,n,n,n,n,n,n,n,I was conflicted over the whole thing GO, , , , ,0 0 1 1 0 0 2 0 0 3 0 0 4 0 0 0 1 1 1 1 0 2 1 0 3 1 0 4 1 0 0 2 0 1 2 0 2 2 0 3 2 0 4 2 0 0 3 0 1 3 1 2 3 0 3 3 0 4 3 0 0 4 0 1 4 0 2 4 0 3 4 0 4 4 0 0 5 0 1 5 0 2 5 0 3 5 0 4 5 0 ,n
16.5,1,5,2.5399999618530273,1,100,1,0,n,9,2,1,100,1,0,n,n,n,n,n,n,n,n,n,n,n,n,n,n,n,n,n,n,n,n,n,n, , , , , ,0 0 1 1 0 0 2 0 0 3 0 0 4 0 0 0 1 0 1 1 0 2 1 0 3 1 1 4 1 0 0 2 0 1 2 0 2 2 0 3 2 0 4 2 0 0 3 0 1 3 1 2 3 0 3 3 0 4 3 0 0 4 0 1 4 0 2 4 0 3 4 0 4 4 0 0 5 0 1 5 0 2 5 0 3 5 0 4 5 0 ,n
6,1,2,20.450000762939453,1 0,100,1,0,n,8,75.68000030517578,1 0,120,1,-9.940763473510742,n,6,0.08900000154972076,1 0,100,1,0,n,n,n,n,n,n,n,n,n,n,n,n,n,n,n,They were waiting at the table,s,s,s,s,0 0 0 1 0 1 2 0 0 3 0 0 4 0 0 0 1 0 1 1 1 2 1 0 3 1 0 4 1 0 0 2 0 1 2 0 2 2 0 3 2 0 4 2 0 0 3 1 1 3 0 2 3 0 3 3 0 4 3 0 0 4 0 1 4 0 2 4 0 3 4 0 4 4 0 0 5 0 1 5 0 2 5 0 3 5 0 4 5 0 ,n
16.75,1,n,n,n,n,n,n,n,n,n,n,n,n,n,n,n,n,n,n,n,n,n,15,6.159999847412109,1,0,n,0,n,n,n,n,n,n,n,n,Mailer: and the four ladies were listed, , , , ,0 0 1 1 0 0 2 0 0 3 0 0 4 0 0 0 1 0 1 1 0 2 1 0 3 1 1 4 1 0 0 2 0 1 2 0 2 2 0 3 2 0 4 2 0 0 3 0 1 3 1 2 3 0 3 3 0 4 3 0 0 4 0 1 4 0 2 4 0 3 4 0 4 4 0 0 5 0 1 5 0 2 5 0 3 5 0 4 5 0 ,n
MAIDSTONE,1,1,77.5199966431,1,100,1,0,n,n,n,n,n,n,n,n,n,n,n,n,n,n,n,n,n,n,n,n,n,n,n,n,n,n,n,n,n,The element in women's liberation 0 both liberal as personified by NOW // Brings Tokyo tape IN A BUS, , , , ,0 0 1 1 0 0 2 0 0 3 0 0 4 0 0 0 1 1 1 1 0 2 1 0 3 1 0 4 1 0 0 2 0 1 2 0 2 2 0 3 2 0 4 2 0 0 3 1 1 3 0 2 3 0 3 3 0 4 3 0 0 4 0 1 4 0 2 4 0 3 4 0 4 4 0 0 5 0 1 5 0 2 5 0 3 5 0 4 5 0 ,n
31,1,n,n,n,n,n,n,n,1,76.58000183105469,0 0,100,1,8.43847370147705,n,n,n,n,n,n,n,n,n,n,n,n,n,n,n,n,n,n,n,n,n,n,MAIDSTONE,s,s,s,s,0 0 1 1 0 0 2 0 0 3 0 0 4 0 0 0 1 1 1 1 0 2 1 0 3 1 0 4 1 0 0 2 0 1 2 0 2 2 0 3 2 0 4 2 0 0 3 1 1 3 0 2 3 0 3 3 0 4 3 0 0 4 0 1 4 0 2 4 0 3 4 0 4 4 0 0 5 0 1 5 0 2 5 0 3 5 0 4 5 0 ,n
31.5,1,3,5.210000038146973,1,100,1,0,n,n,n,n,n,n,n,n,n,n,n,n,n,n,n,n,n,n,n,n,n,n,n,n,n,n,n,n,n,The sentiments were exquisite, , , , ,0 0 0 1 0 1 2 0 0 3 0 0 4 0 0 0 1 1 1 1 0 2 1 0 3 1 0 4 1 0 0 2 0 1 2 0 2 2 0 3 2 0 4 2 0 0 3 1 1 3 0 2 3 0 3 3 0 4 3 0 0 4 0 1 4 0 2 4 0 3 4 0 4 4 0 0 5 0 1 5 0 2 5 0 3 5 0 4 5 0 ,n
37,1,5,34.88999938964844,1,100,1,0,n,9,2.049999952316284,1,100,1,0,n,n,n,n,n,n,n,n,n,n,n,n,n,n,n,n,n,n,n,n,n,n,RETURN to Ah I S'pose I should be leaning on my sword + Brings in Tokyo tape (mov 9), , , , ,0 0 1 1 0 0 2 0 0 3 0 0 4 0 0 0 1 1 1 1 0 2 1 0 3 1 0 4 1 0 0 2 0 1 2 0 2 2 0 3 2 0 4 2 0 0 3 0 1 3 1 2 3 0 3 3 0 4 3 0 0 4 0 1 4 0 2 4 0 3 4 0 4 4 0 0 5 0 1 5 0 2 5 0 3 5 0 4 5 0 ,n
39,1,3,56.61000061035156,1 0,100,1,0,0,n,n,n,n,n,n,n,n,n,n,n,n,n,n,n,n,n,n,n,n,n,n,n,n,n,n,n,n,external genital,s,s,s,s,0 0 1 1 0 0 2 0 0 3 0 0 4 0 0 0 1 1 1 1 0 2 1 0 3 1 0 4 1 0 0 2 0 1 2 0 2 2 0 3 2 0 4 2 0 0 3 1 1 3 0 2 3 0 3 3 0 4 3 0 0 4 0 1 4 0 2 4 0 3 4 0 4 4 0 0 5 0 1 5 0 2 5 0 3 5 0 4 5 0 ,n
50.6,1,3,41.86000061035156,1,100,1,0,n,n,n,n,n,n,n,n,n,n,n,n,n,n,n,n,n,n,n,n,n,n,n,n,n,n,n,n,n,If you wanna go over there Diana's gonna talk, , , , ,0 0 1 1 0 0 2 0 0 3 0 0 4 0 0 0 1 0 1 1 1 2 1 0 3 1 0 4 1 0 0 2 0 1 2 0 2 2 0 3 2 0 4 2 0 0 3 0 1 3 0 2 3 0 3 3 0 4 3 0 0 4 0 1 4 0 2 4 0 3 4 0 4 4 0 0 5 0 1 5 0 2 5 0 3 5 0 4 5 0 ,n
53,1,n,n,n,n,n,n,n,n,n,n,n,n,n,n,n,n,n,n,n,n,n,n,n,n,n,n,n,n,n,n,n,n,n,n,n,SWITCHES EAR 2 TO A (TBH), , , , ,0 0 1 1 0 0 2 0 0 3 0 0 4 0 0 0 1 1 1 1 0 2 1 0 3 1 0 4 1 0 0 2 0 1 2 0 2 2 0 3 2 0 4 2 0 0 3 0 1 3 0 2 3 0 3 3 0 4 3 0 0 4 0 1 4 0 2 4 0 3 4 0 4 4 0 0 5 0 1 5 0 2 5 0 3 5 0 4 5 0 ,n
16.8,1,n,n,n,n,n,n,n,n,n,n,n,n,n,n,n,n,n,n,n,n,n,4,20.479999542236328,0.9300000071525574,0,0,0,n,n,n,n,n,n,n,n, , , , , ,0 0 1 1 0 0 2 0 0 3 0 0 4 0 0 0 1 0 1 1 0 2 1 0 3 1 1 4 1 0 0 2 0 1 2 0 2 2 0 3 2 0 4 2 0 0 3 0 1 3 0 2 3 0 3 3 0 4 3 0 0 4 0 1 4 0 2 4 0 3 4 0 4 4 0 0 5 0 1 5 0 2 5 0 3 5 0 4 5 0 ,n
49,1,14,40.36000061035156,1,100,1,0,n,n,n,n,n,n,n,n,n,n,n,n,n,n,n,n,n,n,n,n,n,n,n,n,n,n,n,n,n,ACCIDENT TAPE, , , , ,0 0 0 1 0 1 2 0 0 3 0 0 4 0 0 0 1 0 1 1 1 2 1 0 3 1 0 4 1 0 0 2 0 1 2 0 2 2 0 3 2 0 4 2 0 0 3 0 1 3 0 2 3 0 3 3 0 4 3 0 0 4 0 1 4 0 2 4 0 3 4 0 4 4 0 0 5 0 1 5 0 2 5 0 3 5 0 4 5 0 ,n
36,1,n,n,n,n,n,n,n,n,n,n,n,n,n,n,n,n,n,n,n,n,n,4,70.02999877929688,0.9300000071525574,0,0,0,n,n,n,n,n,n,n,n, , , , , ,0 0 1 1 0 0 2 0 0 3 0 0 4 0 0 0 1 1 1 1 0 2 1 0 3 1 1 4 1 0 0 2 0 1 2 0 2 2 0 3 2 0 4 2 0 0 3 0 1 3 0 2 3 0 3 3 0 4 3 0 0 4 0 1 4 0 2 4 0 3 4 0 4 4 0 0 5 0 1 5 0 2 5 0 3 5 0 4 5 0 ,n
35.5,1,n,n,n,n,n,n,n,11,56.79999923706055,1,100,1,0,n,n,n,n,n,n,n,n,n,n,n,n,n,n,n,n,n,n,n,n,n,n,Q: culture for which he stands GO, , , , ,0 0 1 1 0 0 2 0 0 3 0 0 4 0 0 0 1 1 1 1 0 2 1 0 3 1 0 4 1 0 0 2 0 1 2 0 2 2 0 3 2 0 4 2 0 0 3 0 1 3 1 2 3 0 3 3 0 4 3 0 0 4 0 1 4 0 2 4 0 3 4 0 4 4 0 0 5 0 1 5 0 2 5 0 3 5 0 4 5 0 ,n
48,1,5,55.900001525878906,1,100,1,0,n,n,n,n,n,n,n,n,n,n,n,n,n,n,n,n,n,n,n,n,n,n,n,n,n,n,n,n,n, , , , , ,0 0 1 1 0 0 2 0 0 3 0 0 4 0 0 0 1 0 1 1 1 2 1 0 3 1 0 4 1 0 0 2 0 1 2 0 2 2 0 3 2 0 4 2 0 0 3 0 1 3 0 2 3 0 3 3 0 4 3 0 0 4 0 1 4 0 2 4 0 3 4 0 4 4 0 0 5 0 1 5 0 2 5 0 3 5 0 4 5 0 ,n
EAR ROUTING ,1,n,n,n,n,n,n,n,n,n,n,n,n,n,n,n,n,n,n,n,n,n,n,n,n,n,n,n,n,n,n,n,n,n,n,n, , , , , ,0 0 0 1 0 1 2 0 0 3 0 0 4 0 0 0 1 0 1 1 1 2 1 0 3 1 0 4 1 0 0 2 0 1 2 0 2 2 0 3 2 0 4 2 0 0 3 0 1 3 1 2 3 0 3 3 0 4 3 0 0 4 0 1 4 0 2 4 0 3 4 0 4 4 0 0 5 0 1 5 0 2 5 0 3 5 0 4 5 0 ,n
43,1,n,n,n,n,n,n,n,n,n,n,n,n,n,n,n,n,n,n,n,n,n,n,n,n,n,n,n,n,n,n,n,n,n,n,n,JUST CHANGES ear routing - all get B, , , , ,0 0 0 1 0 1 2 0 0 3 0 0 4 0 0 0 1 0 1 1 1 2 1 0 3 1 0 4 1 0 0 2 0 1 2 0 2 2 0 3 2 0 4 2 0 0 3 1 1 3 0 2 3 0 3 3 0 4 3 0 0 4 0 1 4 0 2 4 0 3 4 0 4 4 0 0 5 0 1 5 0 2 5 0 3 5 0 4 5 0 ,n
47.5,1,n,n,n,n,n,n,n,n,n,n,n,n,-11.545648574829102,n,n,n,n,n,n,n,n,n,n,n,n,n,n,n,n,n,n,n,n,n,n, , , , , ,0 0 1 1 0 1 2 0 0 3 0 0 4 0 0 0 1 0 1 1 1 2 1 0 3 1 0 4 1 0 0 2 0 1 2 0 2 2 0 3 2 0 4 2 0 0 3 1 1 3 0 2 3 0 3 3 0 4 3 0 0 4 0 1 4 0 2 4 0 3 4 0 4 4 0 0 5 0 1 5 0 2 5 0 3 5 0 4 5 0 ,n
47.2,1,n,n,n,n,n,n,n,1,88.9000015258789,1,100,1,0,n,n,n,n,n,n,n,n,n,n,n,n,n,n,n,n,n,n,n,n,n,n,JUMP MAIDSTONE, , , , ,0 0 1 1 0 0 2 0 0 3 0 0 4 0 0 0 1 0 1 1 1 2 1 0 3 1 0 4 1 0 0 2 0 1 2 0 2 2 0 3 2 0 4 2 0 0 3 1 1 3 0 2 3 0 3 3 0 4 3 0 0 4 0 1 4 0 2 4 0 3 4 0 4 4 0 0 5 0 1 5 0 2 5 0 3 5 0 4 5 0 ,n
50.4,1,n,n,n,n,n,n,n,1,92.36000061035156,1,100,1,0,n,n,n,n,n,n,n,n,n,n,n,n,n,n,n,n,n,n,n,n,n,n, , , , , ,0 0 0 1 0 1 2 0 0 3 0 0 4 0 0 0 1 0 1 1 1 2 1 0 3 1 0 4 1 0 0 2 0 1 2 0 2 2 0 3 2 0 4 2 0 0 3 0 1 3 0 2 3 0 3 3 0 4 3 0 0 4 0 1 4 0 2 4 0 3 4 0 4 4 0 0 5 0 1 5 0 2 5 0 3 5 0 4 5 0 ,n
90,1,0,n,n,n,n,n,n,3,25.139999389648438,1 0,100,n,0,n,0,n,n,n,n,n,n,n,n,n,n,n,n,n,n,n,n,n,n,n,n, ,s,s,s,s,0 0 1 1 0 0 2 0 0 3 0 0 4 0 0 0 1 0 1 1 1 2 1 0 3 1 0 4 1 0 0 2 0 1 2 0 2 2 0 3 2 0 4 2 0 0 3 1 1 3 0 2 3 0 3 3 0 4 3 0 0 4 0 1 4 0 2 4 0 3 4 0 4 4 0 0 5 0 1 5 0 2 5 0 3 5 0 4 5 0 ,n
56,1,4,3.5299999713897705,1,100,1,0,n,5,5.070000171661377,1,100,1,0,n,n,n,n,n,n,n,n,n,n,n,n,n,n,n,n,n,n,n,n,n,n, , , , , ,0 0 1 1 0 0 2 0 0 3 0 0 4 0 0 0 1 1 1 1 0 2 1 0 3 1 0 4 1 0 0 2 0 1 2 0 2 2 0 3 2 0 4 2 0 0 3 0 1 3 0 2 3 0 3 3 0 4 3 0 0 4 0 1 4 0 2 4 0 3 4 0 4 4 0 0 5 0 1 5 0 2 5 0 3 5 0 4 5 0 ,n
33,1,n,n,n,n,n,n,n,n,n,n,n,n,n,n,n,n,n,n,n,n,n,n,n,n,n,n,n,n,n,n,n,n,n,n,n,BOTH EARS TO A,s,s,s,s,0 0 1 1 0 0 2 0 0 3 0 0 4 0 0 0 1 1 1 1 0 2 1 0 3 1 0 4 1 0 0 2 0 1 2 0 2 2 0 3 2 0 4 2 0 0 3 1 1 3 0 2 3 0 3 3 0 4 3 0 0 4 0 1 4 0 2 4 0 3 4 0 4 4 0 0 5 0 1 5 0 2 5 0 3 5 0 4 5 0 ,n
92,1,19,7,1,100,1,-15.410564422607422,n,n,n,n,n,n,n,n,n,n,n,n,n,n,n,n,n,n,n,n,n,n,n,n,n,n,n,n,n, , , , , ,0 0 1 1 0 0 2 0 0 3 0 0 4 0 0 0 1 0 1 1 0 2 1 0 3 1 1 4 1 0 0 2 0 1 2 0 2 2 0 3 2 0 4 2 0 0 3 1 1 3 0 2 3 0 3 3 0 4 3 0 0 4 0 1 4 0 2 4 0 3 4 0 4 4 0 0 5 0 1 5 0 2 5 0 3 5 0 4 5 0 ,n
47.1,1,n,n,n,n,n,n,n,1,0,1 0,100,1,0,0,n,n,n,n,n,n,n,n,n,n,n,n,n,n,n,n,n,n,n,n,n, ,s,s,s,s,0 0 1 1 0 0 2 0 0 3 0 0 4 0 0 0 1 1 1 1 0 2 1 0 3 1 0 4 1 0 0 2 0 1 2 0 2 2 0 3 2 0 4 2 0 0 3 1 1 3 0 2 3 0 3 3 0 4 3 0 0 4 0 1 4 0 2 4 0 3 4 0 4 4 0 0 5 0 1 5 0 2 5 0 3 5 0 4 5 0 ,n
7,1,n,n,n,n,n,n,n,7,2.740000009536743,1 0,100,1,-14.992855072021484,n,0,n,n,n,n,n,n,n,n,n,n,n,n,n,n,n,n,n,n,n,n,ACCIDENT TAPE 4/28,s,s,s,s,0 0 0 1 0 1 2 0 0 3 0 0 4 0 0 0 1 0 1 1 1 2 1 0 3 1 0 4 1 0 0 2 0 1 2 0 2 2 0 3 2 0 4 2 0 0 3 1 1 3 0 2 3 0 3 3 0 4 3 0 0 4 0 1 4 0 2 4 0 3 4 0 4 4 0 0 5 0 1 5 0 2 5 0 3 5 0 4 5 0 ,n
5.5,1,5,0.05000000074505806,1,100,1,0,n,n,n,n,n,n,n,n,n,n,n,n,n,n,n,n,n,n,n,n,n,n,n,n,n,n,n,n,n,TBH doc, , , , ,0 0 0 1 0 1 2 0 0 3 0 0 4 0 0 0 1 0 1 1 1 2 1 0 3 1 0 4 1 0 0 2 0 1 2 0 2 2 0 3 2 0 4 2 0 0 3 1 1 3 0 2 3 0 3 3 0 4 3 0 0 4 0 1 4 0 2 4 0 3 4 0 4 4 0 0 5 0 1 5 0 2 5 0 3 5 0 4 5 0 ,n
TBH,1,2,0.6499999761581421,1 0,100,1,0,n,0,0,0 0,0,0,0,n,0,0,0 0,0,0,0,n,n,n,n,n,n,n,n,n,n,n,n,n,n,n,TBH doc,s,s,s,s,0 0 0 1 0 0 2 0 0 3 0 0 4 0 0 0 1 0 1 1 0 2 1 0 3 1 0 4 1 0 0 2 0 1 2 0 2 2 0 3 2 0 4 2 0 0 3 1 1 3 0 2 3 0 3 3 0 4 3 0 0 4 0 1 4 0 2 4 0 3 4 0 4 4 0 0 5 0 1 5 0 2 5 0 3 5 0 4 5 0 ,n
5.4,1,n,n,n,n,n,n,n,8,32.04999923706055,1 0,120,1,-9.936366081237793,n,6,5.360000133514404,1 0,100,1,0,n,n,n,n,n,n,n,n,n,n,n,n,n,n,n, ,s,s,s,s,0 0 0 1 0 1 2 0 0 3 0 0 4 0 0 0 1 0 1 1 1 2 1 0 3 1 0 4 1 0 0 2 0 1 2 0 2 2 0 3 2 0 4 2 0 0 3 1 1 3 0 2 3 0 3 3 0 4 3 0 0 4 0 1 4 0 2 4 0 3 4 0 4 4 0 0 5 0 1 5 0 2 5 0 3 5 0 4 5 0 ,n
5.8,1,n,n,n,n,n,n,n,n,n,n,n,n,n,n,n,n,n,n,n,n,n,5,29.950000762939453,1,100,1,0,n,n,n,n,n,n,n,n,JUMP BACK IN JILL, , , , ,0 0 0 1 0 1 2 0 0 3 0 0 4 0 0 0 1 0 1 1 0 2 1 0 3 1 1 4 1 0 0 2 0 1 2 0 2 2 0 3 2 0 4 2 0 0 3 1 1 3 0 2 3 0 3 3 0 4 3 0 0 4 0 1 4 0 2 4 0 3 4 0 4 4 0 0 5 0 1 5 0 2 5 0 3 5 0 4 5 0 ,n
28,1,2,96.0999984741211,1,100,1,0,n,n,n,n,n,n,n,n,n,n,n,n,n,n,n,n,n,n,n,n,n,n,n,n,n,n,n,n,n,and ultimately such a fool, , , , ,0 0 1 1 0 0 2 0 0 3 0 0 4 0 0 0 1 1 1 1 0 2 1 0 3 1 0 4 1 0 0 2 0 1 2 0 2 2 0 3 2 0 4 2 0 0 3 1 1 3 0 2 3 0 3 3 0 4 3 0 0 4 0 1 4 0 2 4 0 3 4 0 4 4 0 0 5 0 1 5 0 2 5 0 3 5 0 4 5 0 ,n
EAR ROUTING 2.0,1,n,n,n,n,n,n,n,n,n,n,n,n,n,n,n,n,n,n,n,n,n,n,n,n,n,n,n,n,n,n,n,n,n,n,n, , , , , ,0 0 0 1 0 1 2 0 0 3 0 0 4 0 0 0 1 0 1 1 1 2 1 0 3 1 0 4 1 0 0 2 0 1 2 0 2 2 0 3 2 0 4 2 0 0 3 0 1 3 1 2 3 0 3 3 0 4 3 0 0 4 0 1 4 0 2 4 0 3 4 0 4 4 0 0 5 0 1 5 0 2 5 0 3 5 0 4 5 0 ,n
38,1,n,n,n,n,n,n,n,6,5,0.699999988079071,100,1,0,n,n,n,n,n,n,n,n,n,n,n,n,n,n,n,n,n,n,n,n,n,n,brings in tokyo, , , , ,0 0 1 1 0 0 2 0 0 3 0 0 4 0 0 0 1 1 1 1 0 2 1 0 3 1 0 4 1 0 0 2 0 1 2 0 2 2 0 3 2 0 4 2 0 0 3 1 1 3 0 2 3 0 3 3 0 4 3 0 0 4 0 1 4 0 2 4 0 3 4 0 4 4 0 0 5 0 1 5 0 2 5 0 3 5 0 4 5 0 ,n
87,1,n,n,n,n,n,n,n,3,18.40999984741211,1 0,100,1,0,n,0,0,0 0,0,0,0,n,n,n,n,n,n,n,n,n,n,n,n,n,n,n, ,s,s,s,s,0 0 1 1 0 0 2 0 0 3 0 0 4 0 0 0 1 0 1 1 1 2 1 0 3 1 0 4 1 0 0 2 0 1 2 0 2 2 0 3 2 0 4 2 0 0 3 1 1 3 0 2 3 0 3 3 0 4 3 0 0 4 0 1 4 0 2 4 0 3 4 0 4 4 0 0 5 0 1 5 0 2 5 0 3 5 0 4 5 0 ,n
9,1,n,n,n,n,n,n,n,3,18.3799991607666,1 0,100,1,0,n,6,10,1 0,100,1,0,n,n,n,n,n,n,n,n,n,n,n,n,n,n,n, ,s,s,s,s,0 0 0 1 0 1 2 0 0 3 0 0 4 0 0 0 1 0 1 1 1 2 1 0 3 1 0 4 1 0 0 2 0 1 2 0 2 2 0 3 2 0 4 2 0 0 3 0 1 3 0 2 3 0 3 3 0 4 3 0 0 4 0 1 4 0 2 4 0 3 4 0 4 4 0 0 5 0 1 5 0 2 5 0 3 5 0 4 5 0 ,n
47.05,1,3,66.30000305175781,1 0,100,1,0,n,n,n,n,n,n,n,n,n,n,n,n,n,n,n,n,n,n,n,n,n,n,n,n,n,n,n,n,n,loopa TTHA,s,s,s,s,0 0 1 1 0 0 2 0 0 3 0 0 4 0 0 0 1 0 1 1 1 2 1 0 3 1 0 4 1 0 0 2 0 1 2 0 2 2 0 3 2 0 4 2 0 0 3 1 1 3 0 2 3 0 3 3 0 4 3 0 0 4 0 1 4 0 2 4 0 3 4 0 4 4 0 0 5 0 1 5 0 2 5 0 3 5 0 4 5 0 ,n
38.5,1,n,n,n,n,n,n,n,6,5,0.699999988079071,100,1,0,n,n,n,n,n,n,n,n,n,n,n,n,n,n,n,n,n,n,n,n,n,n,brings in tokyo, , , , ,0 0 1 1 0 0 2 0 0 3 0 0 4 0 0 0 1 1 1 1 0 2 1 0 3 1 0 4 1 0 0 2 0 1 2 0 2 2 0 3 2 0 4 2 0 0 3 1 1 3 0 2 3 0 3 3 0 4 3 0 0 4 0 1 4 0 2 4 0 3 4 0 4 4 0 0 5 0 1 5 0 2 5 0 3 5 0 4 5 0 ,n
85.5,1,4,53.4900016784668,1 0,100,1,0,n,n,n,n,n,n,n,n,n,n,n,n,n,n,n,n,n,n,n,n,n,n,n,n,n,n,n,n,n,what I was trying to say in the prisoner of sex,s,s,s,s,0 0 1 1 0 0 2 0 0 3 0 0 4 0 0 0 1 1 1 1 0 2 1 0 3 1 0 4 1 0 0 2 0 1 2 0 2 2 0 3 2 0 4 2 0 0 3 1 1 3 0 2 3 0 3 3 0 4 3 0 0 4 0 1 4 0 2 4 0 3 4 0 4 4 0 0 5 0 1 5 0 2 5 0 3 5 0 4 5 0 ,n
72,1,5,80.16999816894531,1,100,1,0,n,n,n,n,n,n,n,n,n,n,n,n,n,n,n,n,n,n,n,n,n,n,n,n,n,n,n,n,n,RUTH MANDEL, , , , ,0 0 1 1 0 0 2 0 0 3 0 0 4 0 0 0 1 1 1 1 0 2 1 0 3 1 0 4 1 0 0 2 0 1 2 0 2 2 0 3 2 0 4 2 0 0 3 0 1 3 0 2 3 0 3 3 0 4 3 0 0 4 0 1 4 0 2 4 0 3 4 0 4 4 0 0 5 0 1 5 0 2 5 0 3 5 0 4 5 0 ,n
54,1,4,45.5099983215332,1,100,1,0,n,n,n,n,n,n,n,n,n,n,n,n,n,n,n,n,n,n,n,n,n,n,n,n,n,n,n,n,n,peter fisher, , , , ,0 0 1 1 0 0 2 0 0 3 0 0 4 0 0 0 1 1 1 1 0 2 1 0 3 1 0 4 1 0 0 2 0 1 2 0 2 2 0 3 2 0 4 2 0 0 3 0 1 3 0 2 3 0 3 3 0 4 3 0 0 4 0 1 4 0 2 4 0 3 4 0 4 4 0 0 5 0 1 5 0 2 5 0 3 5 0 4 5 0 ,n
89,1,n,n,n,n,n,n,n,0,n,n,n,n,n,n,n,n,n,n,n,n,n,n,n,n,n,n,n,n,n,n,n,n,n,n,n, , , , , ,0 0 0 1 0 0 2 0 0 3 0 0 4 0 0 0 1 0 1 1 0 2 1 0 3 1 0 4 1 0 0 2 0 1 2 0 2 2 0 3 2 0 4 2 0 0 3 0 1 3 0 2 3 0 3 3 0 4 3 0 0 4 0 1 4 0 2 4 0 3 4 0 4 4 0 0 5 0 1 5 0 2 5 0 3 5 0 4 5 0 ,n
IN EAR LEVEL CHECK,1,n,n,n,n,n,n,n,3,15.0600004196167,1 0,100,1,0,n,8,38.27000045776367,1 0,100,1,0,n,n,n,n,n,n,n,n,n,n,n,n,n,n,n, ,s,s,s,s,0 0 0 1 0 0 2 0 1 3 0 0 4 0 0 0 1 0 1 1 1 2 1 0 3 1 0 4 1 0 0 2 0 1 2 0 2 2 0 3 2 0 4 2 0 0 3 1 1 3 0 2 3 0 3 3 0 4 3 0 0 4 0 1 4 0 2 4 0 3 4 0 4 4 0 0 5 0 1 5 0 2 5 0 3 5 0 4 5 0 ,n
86,1,4,88.75,1 0,100,n,0,n,n,n,n,n,n,n,n,n,n,n,n,n,n,n,n,n,n,n,n,n,n,n,n,n,n,n,n,n,Anatole Broyard,s,s,s,s,0 0 1 1 0 0 2 0 0 3 0 0 4 0 0 0 1 1 1 1 0 2 1 0 3 1 0 4 1 0 0 2 0 1 2 0 2 2 0 3 2 0 4 2 0 0 3 1 1 3 0 2 3 0 3 3 0 4 3 0 0 4 0 1 4 0 2 4 0 3 4 0 4 4 0 0 5 0 1 5 0 2 5 0 3 5 0 4 5 0 ,n
87.5,1,n,n,n,n,n,n,n,0,0,0,0,0,0,n,n,n,n,n,n,n,n,n,n,n,n,n,n,n,n,n,n,n,n,n,n,Q: culture for which he stands GO, , , , ,0 0 1 1 0 0 2 0 0 3 0 0 4 0 0 0 1 0 1 1 0 2 1 0 3 1 1 4 1 0 0 2 0 1 2 0 2 2 0 3 2 0 4 2 0 0 3 0 1 3 0 2 3 0 3 3 0 4 3 0 0 4 0 1 4 0 2 4 0 3 4 0 4 4 0 0 5 0 1 5 0 2 5 0 3 5 0 4 5 0 ,n
87.2,1,n,n,n,n,n,n,n,0,0,0,0,0,0,n,n,n,n,n,n,n,n,n,n,n,n,n,n,n,n,n,n,n,n,n,n,Q: culture for which he stands GO, , , , ,0 0 1 1 0 0 2 0 0 3 0 0 4 0 0 0 1 0 1 1 0 2 1 0 3 1 1 4 1 0 0 2 0 1 2 0 2 2 0 3 2 0 4 2 0 0 3 0 1 3 0 2 3 0 3 3 0 4 3 0 0 4 0 1 4 0 2 4 0 3 4 0 4 4 0 0 5 0 1 5 0 2 5 0 3 5 0 4 5 0 ,n
A/B split,1,3,88.81999969482422,1,100,1,0,n,1,93.0999984741211,1,100,1,0,n,n,n,n,n,n,n,n,n,n,n,n,n,n,n,n,n,n,n,n,n,n,Q: culture for which he stands GO, , , , ,0 0 1 1 0 0 2 0 0 3 0 0 4 0 0 0 1 0 1 1 1 2 1 0 3 1 0 4 1 0 0 2 0 1 2 0 2 2 0 3 2 0 4 2 0 0 3 1 1 3 0 2 3 0 3 3 0 4 3 0 0 4 0 1 4 0 2 4 0 3 4 0 4 4 0 0 5 0 1 5 0 2 5 0 3 5 0 4 5 0 ,n
6.5,1,n,n,0 0,n,n,n,n,7,2.740000009536743,1 0,100,n,-16.153846740722656,n,n,n,n,n,n,n,n,n,n,n,n,n,n,n,n,n,n,n,n,n,n,pause Bus A,s,s,s,s,0 0 0 1 0 1 2 0 0 3 0 0 4 0 0 0 1 0 1 1 1 2 1 0 3 1 0 4 1 0 0 2 0 1 2 0 2 2 0 3 2 0 4 2 0 0 3 1 1 3 0 2 3 0 3 3 0 4 3 0 0 4 0 1 4 0 2 4 0 3 4 0 4 4 0 0 5 0 1 5 0 2 5 0 3 5 0 4 5 0 ,n
6.6,1,n,n,1 0,n,n,n,n,n,n,n,n,n,n,n,n,n,n,n,n,n,n,n,n,n,n,n,n,n,n,n,n,n,n,n,n,play A,s,s,s,s,0 0 0 1 0 0 2 0 0 3 0 0 4 0 0 0 1 0 1 1 0 2 1 0 3 1 0 4 1 0 0 2 0 1 2 0 2 2 0 3 2 0 4 2 0 0 3 0 1 3 0 2 3 0 3 3 0 4 3 0 0 4 0 1 4 0 2 4 0 3 4 0 4 4 0 0 5 0 1 5 0 2 5 0 3 5 0 4 5 0 ,n
31.1,1,n,n,n,n,n,n,n,n,n,1 0,n,n,n,n,n,n,n,n,n,n,n,n,n,n,n,n,n,n,n,n,n,n,n,n,n,play B,s,s,s,s,0 0 0 1 0 1 2 0 0 3 0 0 4 0 0 0 1 0 1 1 1 2 1 0 3 1 0 4 1 0 0 2 0 1 2 0 2 2 0 3 2 0 4 2 0 0 3 0 1 3 1 2 3 0 3 3 0 4 3 0 0 4 0 1 4 0 2 4 0 3 4 0 4 4 0 0 5 0 1 5 0 2 5 0 3 5 0 4 5 0 ,n
47.15,1,n,n,n,n,n,n,n,1,87.43000030517578,1 0,100,1,0,n,n,n,n,n,n,n,n,n,n,n,n,n,n,n,n,n,n,n,n,n,n,BRINGS MAIDSTONE IN B ( = 47),s,s,s,s,0 0 1 1 0 0 2 0 0 3 0 0 4 0 0 0 1 0 1 1 1 2 1 0 3 1 0 4 1 0 0 2 0 1 2 0 2 2 0 3 2 0 4 2 0 0 3 1 1 3 0 2 3 0 3 3 0 4 3 0 0 4 0 1 4 0 2 4 0 3 4 0 4 4 0 0 5 0 1 5 0 2 5 0 3 5 0 4 5 0 ,n
6.2,1,n,n,n,n,n,n,n,3,18.309999465942383,1 0,100,n,0,n,n,n,n,n,n,n,n,n,n,n,n,n,n,n,n,n,n,n,n,n,n,blast of Jill in Kate's ear,s,s,s,s,0 0 0 1 0 1 2 0 0 3 0 0 4 0 0 0 1 0 1 1 1 2 1 0 3 1 0 4 1 0 0 2 0 1 2 0 2 2 0 3 2 0 4 2 0 0 3 1 1 3 0 2 3 0 3 3 0 4 3 0 0 4 0 1 4 0 2 4 0 3 4 0 4 4 0 0 5 0 1 5 0 2 5 0 3 5 0 4 5 0 ,n
31.25,1,n,n,n,n,n,n,n,n,n,n,n,n,n,n,n,n,n,n,n,n,n,n,n,n,n,n,n,n,n,n,n,n,n,n,n,ALL EARS TO B,s,s,s,s,0 0 0 1 0 1 2 0 0 3 0 0 4 0 0 0 1 0 1 1 1 2 1 0 3 1 0 4 1 0 0 2 0 1 2 0 2 2 0 3 2 0 4 2 0 0 3 0 1 3 1 2 3 0 3 3 0 4 3 0 0 4 0 1 4 0 2 4 0 3 4 0 4 4 0 0 5 0 1 5 0 2 5 0 3 5 0 4 5 0 ,n
6.1,1,n,n,n,n,n,n,n,n,n,n,n,n,n,n,n,n,n,n,n,n,n,n,n,n,n,n,n,n,n,n,n,n,n,n,n,ALL EARS TO A for Ceballos - We are too busy,s,s,s,s,0 0 1 1 0 0 2 0 0 3 0 0 4 0 0 0 1 1 1 1 0 2 1 0 3 1 0 4 1 0 0 2 0 1 2 0 2 2 0 3 2 0 4 2 0 0 3 1 1 3 0 2 3 0 3 3 0 4 3 0 0 4 0 1 4 0 2 4 0 3 4 0 4 4 0 0 5 0 1 5 0 2 5 0 3 5 0 4 5 0 ,n
85.25,1,4,51.060001373291016,1 0,100,1,0,n,0,0,0 0,0,0,0,n,n,n,n,n,n,n,n,n,n,n,n,n,n,n,n,n,n,n,n,n,n,RUTH MANDEL,s,s,s,s,0 0 1 1 0 0 2 0 0 3 0 0 4 0 0 0 1 1 1 1 0 2 1 0 3 1 0 4 1 0 0 2 0 1 2 0 2 2 0 3 2 0 4 2 0 0 3 0 1 3 0 2 3 0 3 3 0 4 3 0 0 4 0 1 4 0 2 4 0 3 4 0 4 4 0 0 5 0 1 5 0 2 5 0 3 5 0 4 5 0 ,n
86.5,1,3,40.5,0.30000001192092896 0,100,n,0,n,n,n,n,n,n,n,n,n,n,n,n,n,n,n,n,n,n,n,n,n,n,n,n,n,n,n,n,n,for Kate song - slow down audience on back totem,s,s,s,s,0 0 1 1 0 0 2 0 0 3 0 0 4 0 0 0 1 0 1 1 0 2 1 0 3 1 0 4 1 0 0 2 0 1 2 0 2 2 0 3 2 0 4 2 0 0 3 1 1 3 0 2 3 0 3 3 0 4 3 0 0 4 0 1 4 0 2 4 0 3 4 0 4 4 0 0 5 0 1 5 0 2 5 0 3 5 0 4 5 0 ,n
*FF*,1,n,n,2.5 0,n,n,-26.769229888916016,n,n,n,n,n,n,n,n,n,n,n,n,n,n,n,n,n,n,n,n,n,n,n,n,n,n,n,n,n, ,s,s,s,s,0 0 1 1 0 0 2 0 0 3 0 0 4 0 0 0 1 1 1 1 0 2 1 0 3 1 0 4 1 0 0 2 0 1 2 0 2 2 0 3 2 0 4 2 0 0 3 1 1 3 0 2 3 0 3 3 0 4 3 0 0 4 0 1 4 0 2 4 0 3 4 0 4 4 0 0 5 0 1 5 0 2 5 0 3 5 0 4 5 0 ,n
*SPEED 1*,1,n,n,n,n,n,n,n,0,n,n,n,n,n,n,0,n,n,n,n,n,n,n,n,n,n,n,n,n,n,n,n,n,n,n,n, ,s,s,s,s,0 0 1 1 0 0 2 0 0 3 0 0 4 0 0 0 1 1 1 1 0 2 1 0 3 1 0 4 1 0 0 2 0 1 2 0 2 2 0 3 2 0 4 2 0 0 3 1 1 3 0 2 3 0 3 3 0 4 3 0 0 4 0 1 4 0 2 4 0 3 4 0 4 4 0 0 5 0 1 5 0 2 5 0 3 5 0 4 5 0 ,n
*SPEED 1*,1,3,46.42961502075195,1 0,100,n,0,n,1,56.37923812866211,1 0,100,n,0,n,n,n,n,n,n,n,n,n,n,n,n,n,n,n,n,n,n,n,n,n,n, ,s,s,s,s,0 0 1 1 0 0 2 0 0 3 0 0 4 0 0 0 1 1 1 1 0 2 1 0 3 1 0 4 1 0 0 2 0 1 2 0 2 2 0 3 2 0 4 2 0 0 3 1 1 3 0 2 3 0 3 3 0 4 3 0 0 4 0 1 4 0 2 4 0 3 4 0 4 4 0 0 5 0 1 5 0 2 5 0 3 5 0 4 5 0 ,n
*201*,1,3,82.02999877929688,1 0,100,n,0,n,1,88.23999786376953,1 0,100,n,-0.3076923191547394,n,n,n,n,n,n,n,n,n,n,n,n,n,n,n,n,n,n,n,n,n,n,2 Bus pre-set,s,s,s,s,0 0 1 1 0 0 2 0 0 3 0 0 4 0 0 0 1 0 1 1 1 2 1 0 3 1 0 4 1 0 0 2 0 1 2 0 2 2 0 3 2 0 4 2 0 0 3 1 1 3 0 2 3 0 3 3 0 4 3 0 0 4 0 1 4 0 2 4 0 3 4 0 4 4 0 0 5 0 1 5 0 2 5 0 3 5 0 4 5 0 ,n
85.6,1,4,53.4900016784668,1 0,100,1,0,n,n,n,n,n,n,n,n,n,n,n,n,n,n,n,n,n,n,n,n,n,n,n,n,n,n,n,n,n,what I was trying to say in the prisoner of sex,s,s,s,s,0 0 1 1 0 0 2 0 0 3 0 0 4 0 0 0 1 1 1 1 0 2 1 0 3 1 0 4 1 0 0 2 0 1 2 0 2 2 0 3 2 0 4 2 0 0 3 1 1 3 0 2 3 0 3 3 0 4 3 0 0 4 0 1 4 0 2 4 0 3 4 0 4 4 0 0 5 0 1 5 0 2 5 0 3 5 0 4 5 0 ,n
85.7,1,4,53.4900016784668,1 0,100,1,0,n,n,n,n,n,n,n,n,n,n,n,n,n,n,n,n,n,n,n,n,n,n,n,n,n,n,n,n,n,what I was trying to say in the prisoner of sex,s,s,s,s,0 0 1 1 0 0 2 0 0 3 0 0 4 0 0 0 1 1 1 1 0 2 1 0 3 1 0 4 1 0 0 2 0 1 2 0 2 2 0 3 2 0 4 2 0 0 3 1 1 3 0 2 3 0 3 3 0 4 3 0 0 4 0 1 4 0 2 4 0 3 4 0 4 4 0 0 5 0 1 5 0 2 5 0 3 5 0 4 5 0 ,n
85.8,1,4,53.4900016784668,1 0,100,1,0,n,n,n,n,n,n,n,n,n,n,n,n,n,n,n,n,n,n,n,n,n,n,n,n,n,n,n,n,n, ,s,s,s,s,0 0 1 1 0 0 2 0 0 3 0 0 4 0 0 0 1 1 1 1 0 2 1 0 3 1 0 4 1 0 0 2 0 1 2 0 2 2 0 3 2 0 4 2 0 0 3 1 1 3 0 2 3 0 3 3 0 4 3 0 0 4 0 1 4 0 2 4 0 3 4 0 4 4 0 0 5 0 1 5 0 2 5 0 3 5 0 4 5 0 ,n
47.06,1,n,n,1 0,n,n,n,n,n,n,n,n,n,n,n,n,n,n,n,n,n,n,n,n,n,n,n,n,n,n,n,n,n,n,n,n, ,s,s,s,s,0 0 1 1 0 0 2 0 0 3 0 0 4 0 0 0 1 0 1 1 1 2 1 0 3 1 0 4 1 0 0 2 0 1 2 0 2 2 0 3 2 0 4 2 0 0 3 1 1 3 0 2 3 0 3 3 0 4 3 0 0 4 0 1 4 0 2 4 0 3 4 0 4 4 0 0 5 0 1 5 0 2 5 0 3 5 0 4 5 0 ,n
33.5,1,n,n,n,n,n,n,n,0,n,n,n,n,n,n,n,n,n,n,n,n,n,n,n,n,n,n,n,n,n,n,n,n,n,n,n,re-set B bus,s,s,s,s,0 0 1 1 0 0 2 0 0 3 0 0 4 0 0 0 1 1 1 1 0 2 1 0 3 1 0 4 1 0 0 2 0 1 2 0 2 2 0 3 2 0 4 2 0 0 3 1 1 3 0 2 3 0 3 3 0 4 3 0 0 4 0 1 4 0 2 4 0 3 4 0 4 4 0 0 5 0 1 5 0 2 5 0 3 5 0 4 5 0 ,n
47.07,1,n,n,1 0,n,n,n,n,n,n,n,n,n,n,n,n,n,n,n,n,n,n,n,n,n,n,n,n,n,n,n,n,n,n,n,n, ,s,s,s,s,0 0 1 1 0 0 2 0 0 3 0 0 4 0 0 0 1 1 1 1 0 2 1 0 3 1 0 4 1 0 0 2 0 1 2 0 2 2 0 3 2 0 4 2 0 0 3 1 1 3 0 2 3 0 3 3 0 4 3 0 0 4 0 1 4 0 2 4 0 3 4 0 4 4 0 0 5 0 1 5 0 2 5 0 3 5 0 4 5 0 ,n
47.03,1,n,n,0.6000000238418579 5,n,n,n,n,n,n,n,n,n,n,n,n,n,n,n,n,n,n,n,n,n,n,n,n,n,n,n,n,n,n,n,n, ,s,s,s,s,0 0 1 1 0 0 2 0 0 3 0 0 4 0 0 0 1 0 1 1 1 2 1 0 3 1 0 4 1 0 0 2 0 1 2 0 2 2 0 3 2 0 4 2 0 0 3 1 1 3 0 2 3 0 3 3 0 4 3 0 0 4 0 1 4 0 2 4 0 3 4 0 4 4 0 0 5 0 1 5 0 2 5 0 3 5 0 4 5 0 ,n
